{"Accuracy": 0.8909952606635071, "Precision": 0.9850746268656716, "Recall": 0.8627450980392157, "F1 score": 0.9198606271777003, "_runtime": 7, "_timestamp": 1637828859, "_step": 7, "feature_importances": {"_type": "table-file", "path": "media/table/feature_importances_1_c18d9c924d6c67d3074d.table.json", "sha256": "c18d9c924d6c67d3074d64a007108ce8b323ec3a28745455ec254e64f7b7cdf3", "size": 623, "artifact_path": "wandb-client-artifact://kntav93b9fumhfa0vln45v6y2n3ivkf0h0bq1caynxgep1xt6vjdh35zoiz84jevb9xv8vpr1scjcicef0ul5hocrmxay21p4s9ce0us63io8qhmn7icd9syr137qcqa:latest/feature_importances.table.json", "_latest_artifact_path": "wandb-client-artifact://kntav93b9fumhfa0vln45v6y2n3ivkf0h0bq1caynxgep1xt6vjdh35zoiz84jevb9xv8vpr1scjcicef0ul5hocrmxay21p4s9ce0us63io8qhmn7icd9syr137qcqa:latest/feature_importances.table.json", "ncols": 2, "nrows": 24}, "confusion_matrix": {"_type": "table-file", "path": "media/table/confusion_matrix_2_649ea936e21013ffb46c.table.json", "sha256": "649ea936e21013ffb46c7e4856f36132013c7ad7a77d73e41ac051bd74eed6d7", "size": 159, "artifact_path": "wandb-client-artifact://11dcipbm68szbyea15kugn8r2nrwmmj72o59dcgdlf69p9ta5wmnpnyy8get2y1x0ifb8wkeki9c8yvm3wyzbm8n1vio7sxm32is1ceu3sppes1u1nyusl09dgpse8h7:latest/confusion_matrix.table.json", "_latest_artifact_path": "wandb-client-artifact://11dcipbm68szbyea15kugn8r2nrwmmj72o59dcgdlf69p9ta5wmnpnyy8get2y1x0ifb8wkeki9c8yvm3wyzbm8n1vio7sxm32is1ceu3sppes1u1nyusl09dgpse8h7:latest/confusion_matrix.table.json", "ncols": 3, "nrows": 4}, "summary_metrics": {"_type": "table-file", "path": "media/table/summary_metrics_3_a1c035cb28e7e27a3d54.table.json", "sha256": "a1c035cb28e7e27a3d540eaa7f473c4418d3194788beec203fe5cf7920ccdd6e", "size": 256, "artifact_path": "wandb-client-artifact://ka574m2nfp5ui5cek6ac4zhnf0bize4y2jcbqw7bacyd810t18hrbsycy1bt2mxu1n2fpswnly4j3urq1aetp7xjdxnk7ymsxpo1repcfer715njwalbbszzazrzo5nm:latest/summary_metrics.table.json", "_latest_artifact_path": "wandb-client-artifact://ka574m2nfp5ui5cek6ac4zhnf0bize4y2jcbqw7bacyd810t18hrbsycy1bt2mxu1n2fpswnly4j3urq1aetp7xjdxnk7ymsxpo1repcfer715njwalbbszzazrzo5nm:latest/summary_metrics.table.json", "ncols": 3, "nrows": 4}, "class_proportions": {"_type": "table-file", "path": "media/table/class_proportions_4_93565603f369c77c4518.table.json", "sha256": "93565603f369c77c4518ba8e3eb765b28e61d34db7b0cda9394a22c17deac374", "size": 153, "artifact_path": "wandb-client-artifact://19znms5sivpjb6d2161f9l9cnt842z6yjmy3yqe04f52tcvd15iqkeaw1jpcrn4xdu17exkt4m44laoys73hg5iwyqqge0jl66v9okdw7074177tno7l5qa7tdnxm3ic:latest/class_proportions.table.json", "_latest_artifact_path": "wandb-client-artifact://19znms5sivpjb6d2161f9l9cnt842z6yjmy3yqe04f52tcvd15iqkeaw1jpcrn4xdu17exkt4m44laoys73hg5iwyqqge0jl66v9okdw7074177tno7l5qa7tdnxm3ic:latest/class_proportions.table.json", "ncols": 3, "nrows": 4}, "calibration_curve": {"_type": "table-file", "path": "media/table/calibration_curve_5_4c0fba815ae5cbf22ffb.table.json", "sha256": "4c0fba815ae5cbf22ffb5a0f2154f2331c58e2aa134886027e071255d23b107d", "size": 1152, "artifact_path": "wandb-client-artifact://1lf1l2bc4ta7qvzebinc9m2mwsi8w0vgak502nelp39g6fc5a09nd9xrjnw52d60r6zxp70t2af2cferamqxs287b8ngxdwnq0dzxjntn448937gxeiub527yzd6vn25:latest/calibration_curve.table.json", "_latest_artifact_path": "wandb-client-artifact://1lf1l2bc4ta7qvzebinc9m2mwsi8w0vgak502nelp39g6fc5a09nd9xrjnw52d60r6zxp70t2af2cferamqxs287b8ngxdwnq0dzxjntn448937gxeiub527yzd6vn25:latest/calibration_curve.table.json", "ncols": 5, "nrows": 19}, "roc": {"_type": "table-file", "path": "media/table/roc_6_57cef42a068fae5d10f7.table.json", "sha256": "57cef42a068fae5d10f70bf5f8219999df652d2c1560f64c83396e38dad19f67", "size": 186, "artifact_path": "wandb-client-artifact://17g3mvkjibwtrihsdzothvv7b1svz9b5iknefe9h4hhnovz5lb84q4n8lv3nawon3cgxweaqup9mhwhhzir7rrip64whlg3z6picb7egmphxt96yalmxwliivxzx1dka:latest/roc.table.json", "_latest_artifact_path": "wandb-client-artifact://17g3mvkjibwtrihsdzothvv7b1svz9b5iknefe9h4hhnovz5lb84q4n8lv3nawon3cgxweaqup9mhwhhzir7rrip64whlg3z6picb7egmphxt96yalmxwliivxzx1dka:latest/roc.table.json", "ncols": 3, "nrows": 6}, "precision_recall": {"_type": "table-file", "path": "media/table/precision_recall_7_8d2581ab992811202a0e.table.json", "sha256": "8d2581ab992811202a0e957b424bb7bcf48436b5ab534a59eec1443413b05e9b", "size": 1019, "artifact_path": "wandb-client-artifact://wck3u80ae7mfc62tjq20i7p6m17ws71opj60usxbmc5adqzzwq93c312g0yvoon0iqpid18387g965784g9763r6wet5e89mwb1bl4avjslx432y2zt91u67jn7neglr:latest/precision_recall.table.json", "_latest_artifact_path": "wandb-client-artifact://wck3u80ae7mfc62tjq20i7p6m17ws71opj60usxbmc5adqzzwq93c312g0yvoon0iqpid18387g965784g9763r6wet5e89mwb1bl4avjslx432y2zt91u67jn7neglr:latest/precision_recall.table.json", "ncols": 3, "nrows": 40}, "_wandb": {"runtime": 4}}