{
    "os": "Linux-5.4.104+-x86_64-with-Ubuntu-18.04-bionic",
    "python": "3.7.12",
    "heartbeatAt": "2021-11-25T08:27:38.213481",
    "startedAt": "2021-11-25T08:27:32.244029",
    "docker": null,
    "cpu_count": 2,
    "cuda": null,
    "args": [
        "-f",
        "/root/.local/share/jupyter/runtime/kernel-4251a21c-11e4-4f05-ac54-3734219d4773.json"
    ],
    "state": "running",
    "program": "Modelling.ipynb",
    "colab": "https://colab.research.google.com/notebook#fileId=https://github.com/thisisSHAX/ML_Ops_Project-/blob/main/Development/Modelling.ipynb",
    "host": "c876ef51780f",
    "username": "root",
    "executable": "/usr/bin/python3"
}
