{
    "os": "Linux-5.4.104+-x86_64-with-Ubuntu-18.04-bionic",
    "python": "3.7.12",
    "heartbeatAt": "2021-11-25T10:12:59.905646",
    "startedAt": "2021-11-25T10:12:55.020929",
    "docker": null,
    "cpu_count": 2,
    "cuda": null,
    "args": [
        "-f",
        "/root/.local/share/jupyter/runtime/kernel-8b1a92b3-65de-4203-bdd8-07db7f1f43a2.json"
    ],
    "state": "running",
    "program": "Autism Screening_ONNX Model.ipynb",
    "colab": "https://colab.research.google.com/notebook#fileId=1vfaOHrrVa3QjzOu_1BITyTG4deYRQKso",
    "host": "89dc6667b866",
    "username": "root",
    "executable": "/usr/bin/python3"
}
