{"Accuracy": 0.919431279620853, "Precision": 0.9722222222222222, "Recall": 0.9150326797385621, "F1 score": 0.9427609427609427, "_runtime": 7, "_timestamp": 1637828831, "_step": 7, "feature_importances": null, "confusion_matrix": {"_type": "table-file", "path": "media/table/confusion_matrix_2_1748ed2cd4c24a92078e.table.json", "sha256": "1748ed2cd4c24a92078ea096084d8a22356fa9c6314ab1ffb7f09a6eb66bed87", "size": 159, "artifact_path": "wandb-client-artifact://17rtcckez8d8z71k9ma6btstawx5egi937ddtffj2av38xrif2y26bw5rvnobwvizbfc564gflctuz1ce7d8ytslrq8crwxppc53ut5nqxm0t2szk93yzk8rw188r6ne:latest/confusion_matrix.table.json", "_latest_artifact_path": "wandb-client-artifact://17rtcckez8d8z71k9ma6btstawx5egi937ddtffj2av38xrif2y26bw5rvnobwvizbfc564gflctuz1ce7d8ytslrq8crwxppc53ut5nqxm0t2szk93yzk8rw188r6ne:latest/confusion_matrix.table.json", "ncols": 3, "nrows": 4}, "summary_metrics": {"_type": "table-file", "path": "media/table/summary_metrics_3_e1c5eb936d44d5475126.table.json", "sha256": "e1c5eb936d44d5475126643e896635a347cd9c94418fc24347dd4302f21809ac", "size": 249, "artifact_path": "wandb-client-artifact://18jcxx4h5xv01jv4vg8lxzge44jh4mst206ll1s5v2ezzd7nlrn5so86dnpxgwar3uxyjk2ig4vrpj2lljp4i6uqvlqi91441ca5fgkx3p0j6xmfzfrezah1gzf0ur96:latest/summary_metrics.table.json", "_latest_artifact_path": "wandb-client-artifact://18jcxx4h5xv01jv4vg8lxzge44jh4mst206ll1s5v2ezzd7nlrn5so86dnpxgwar3uxyjk2ig4vrpj2lljp4i6uqvlqi91441ca5fgkx3p0j6xmfzfrezah1gzf0ur96:latest/summary_metrics.table.json", "ncols": 3, "nrows": 4}, "class_proportions": {"_type": "table-file", "path": "media/table/class_proportions_4_93565603f369c77c4518.table.json", "sha256": "93565603f369c77c4518ba8e3eb765b28e61d34db7b0cda9394a22c17deac374", "size": 153, "artifact_path": "wandb-client-artifact://pcvgqms7i9wo9fabdd7cyyrwnp4fush8zb2kpoyaffyv6jhbzjdb2pds5lryhfd7bunmms2iny2kicidb2l7wq516qo601eu7hv2u8r2tswkbr1dd0tw876pfhj3k3o4:latest/class_proportions.table.json", "_latest_artifact_path": "wandb-client-artifact://pcvgqms7i9wo9fabdd7cyyrwnp4fush8zb2kpoyaffyv6jhbzjdb2pds5lryhfd7bunmms2iny2kicidb2l7wq516qo601eu7hv2u8r2tswkbr1dd0tw876pfhj3k3o4:latest/class_proportions.table.json", "ncols": 3, "nrows": 4}, "calibration_curve": {"_type": "table-file", "path": "media/table/calibration_curve_5_48ca709183a5a48b7df8.table.json", "sha256": "48ca709183a5a48b7df898fa18d0c55ac3e6ca012a9f045419496b7ecf48a5fd", "size": 1303, "artifact_path": "wandb-client-artifact://ij89qx04zkiiwkbwe6zdj4dclgqhpjyq0phzqzh0bma0nigfm2ytd0g56j9hf4akttlj1pmypbvydx7shrolb3sxhhf4ek7z41tay6czrqjki9ufeht9hya3tepg3obt:latest/calibration_curve.table.json", "_latest_artifact_path": "wandb-client-artifact://ij89qx04zkiiwkbwe6zdj4dclgqhpjyq0phzqzh0bma0nigfm2ytd0g56j9hf4akttlj1pmypbvydx7shrolb3sxhhf4ek7z41tay6czrqjki9ufeht9hya3tepg3obt:latest/calibration_curve.table.json", "ncols": 5, "nrows": 22}, "roc": {"_type": "table-file", "path": "media/table/roc_6_6bb66733b71d378988ed.table.json", "sha256": "6bb66733b71d378988ed27e08c7e9860af82cc59a2d5ccddc2c539e97996ad23", "size": 626, "artifact_path": "wandb-client-artifact://ldz24wc0jee0x1evewy4nhm06usfxtq3iao4kmo1vyc4cjpi3civ7tsp0p7erur2zi8zvfe4opxop32o99jo5ikzgjqf50jndw87smvqq4360itbhqlxq5znf9ehnujl:latest/roc.table.json", "_latest_artifact_path": "wandb-client-artifact://ldz24wc0jee0x1evewy4nhm06usfxtq3iao4kmo1vyc4cjpi3civ7tsp0p7erur2zi8zvfe4opxop32o99jo5ikzgjqf50jndw87smvqq4360itbhqlxq5znf9ehnujl:latest/roc.table.json", "ncols": 3, "nrows": 24}, "precision_recall": {"_type": "table-file", "path": "media/table/precision_recall_7_860e0daa6612098ab4ac.table.json", "sha256": "860e0daa6612098ab4ac01499bff9e9ccf5f2980165d7e99839d45dfb9292ddb", "size": 1044, "artifact_path": "wandb-client-artifact://kqt7dqk9nrabsj4cspd7f51q5l7qp24v7zi9q9pjfgo4vd4z3znqqvl07jopgayk4iie81k6cwoh53i5mxe7pho18xcwenc0hppyup3lqy71vzd682aswqmrm76da1xp:latest/precision_recall.table.json", "_latest_artifact_path": "wandb-client-artifact://kqt7dqk9nrabsj4cspd7f51q5l7qp24v7zi9q9pjfgo4vd4z3znqqvl07jopgayk4iie81k6cwoh53i5mxe7pho18xcwenc0hppyup3lqy71vzd682aswqmrm76da1xp:latest/precision_recall.table.json", "ncols": 3, "nrows": 40}, "_wandb": {"runtime": 4}}