{"Accuracy": 1.0, "Precision": 1.0, "Recall": 1.0, "F1 score": 1.0, "_runtime": 7, "_timestamp": 1637828800, "_step": 7, "feature_importances": {"_type": "table-file", "path": "media/table/feature_importances_1_3e9092d41a3ade8d3a4a.table.json", "sha256": "3e9092d41a3ade8d3a4a2724d9733c42b7b36243dd4d0fbe411cbc3c99808082", "size": 687, "artifact_path": "wandb-client-artifact://18nq8m9yiiwflnqjgzbwhfykzecaas61djkl601xjb6nyo3tegh0ea065yhmu6uwz0uga6xqsqeg2yjv8g3ucd293egt2f1eoj5mboocowjn5s4x6z7fur27ab063qi7:latest/feature_importances.table.json", "_latest_artifact_path": "wandb-client-artifact://18nq8m9yiiwflnqjgzbwhfykzecaas61djkl601xjb6nyo3tegh0ea065yhmu6uwz0uga6xqsqeg2yjv8g3ucd293egt2f1eoj5mboocowjn5s4x6z7fur27ab063qi7:latest/feature_importances.table.json", "ncols": 2, "nrows": 24}, "confusion_matrix": {"_type": "table-file", "path": "media/table/confusion_matrix_2_1bb3773b14b44841587e.table.json", "sha256": "1bb3773b14b44841587e19aafe0ecf3a455c9840614f649e8130476a3171dfde", "size": 158, "artifact_path": "wandb-client-artifact://903pzjowssc7606tx8uvxho4237r30jb51s4blvm84rrnoxqfm1cd1l21wm4f2eym6i7dosimb7oezz15x0ryk85erh6is50bn987gkjzh653iyyjwwhhwwkkawptbo7:latest/confusion_matrix.table.json", "_latest_artifact_path": "wandb-client-artifact://903pzjowssc7606tx8uvxho4237r30jb51s4blvm84rrnoxqfm1cd1l21wm4f2eym6i7dosimb7oezz15x0ryk85erh6is50bn987gkjzh653iyyjwwhhwwkkawptbo7:latest/confusion_matrix.table.json", "ncols": 3, "nrows": 4}, "summary_metrics": {"_type": "table-file", "path": "media/table/summary_metrics_3_68eed7a570be38fe7fa6.table.json", "sha256": "68eed7a570be38fe7fa6417c69844d39bbe1431bf690c168a8e080d3c340edbd", "size": 237, "artifact_path": "wandb-client-artifact://e7l2s96qgigew9jlj4w4xs3fa4z0kw0qi743z8bpye238mzh7xim2btvub8y0s58f86vdg1wyeyjtgbgkom77367l0pz9vq13zqhslu916ss8mzzwsehdnpy34n7kavf:latest/summary_metrics.table.json", "_latest_artifact_path": "wandb-client-artifact://e7l2s96qgigew9jlj4w4xs3fa4z0kw0qi743z8bpye238mzh7xim2btvub8y0s58f86vdg1wyeyjtgbgkom77367l0pz9vq13zqhslu916ss8mzzwsehdnpy34n7kavf:latest/summary_metrics.table.json", "ncols": 3, "nrows": 4}, "class_proportions": {"_type": "table-file", "path": "media/table/class_proportions_4_93565603f369c77c4518.table.json", "sha256": "93565603f369c77c4518ba8e3eb765b28e61d34db7b0cda9394a22c17deac374", "size": 153, "artifact_path": "wandb-client-artifact://5q0xxviqqmic6lmly559fba4s95aqvetfz6jh3u4qexxmt639eyyxwx34hgeqv0vzntphdtd22teoozt7297hv28m55f60f75p6xh0w2jtxlw6f6jv2i4g2jmd0a4ez6:latest/class_proportions.table.json", "_latest_artifact_path": "wandb-client-artifact://5q0xxviqqmic6lmly559fba4s95aqvetfz6jh3u4qexxmt639eyyxwx34hgeqv0vzntphdtd22teoozt7297hv28m55f60f75p6xh0w2jtxlw6f6jv2i4g2jmd0a4ez6:latest/class_proportions.table.json", "ncols": 3, "nrows": 4}, "calibration_curve": {"_type": "table-file", "path": "media/table/calibration_curve_5_ef31e007e2b1614b2812.table.json", "sha256": "ef31e007e2b1614b2812e20c9faae819e7772635db2da31c2ed0b9256731b230", "size": 2089, "artifact_path": "wandb-client-artifact://19istt9jz5xwlypxxftt5yjczxo9gswl3c2xbnrq6t4qmrwfgb8tpoyyra3xwoul1g41qegxndoormww4rozkyx2ox550xpkd8a7kokr8i9mvi42138gnwfogrr0zlaa:latest/calibration_curve.table.json", "_latest_artifact_path": "wandb-client-artifact://19istt9jz5xwlypxxftt5yjczxo9gswl3c2xbnrq6t4qmrwfgb8tpoyyra3xwoul1g41qegxndoormww4rozkyx2ox550xpkd8a7kokr8i9mvi42138gnwfogrr0zlaa:latest/calibration_curve.table.json", "ncols": 5, "nrows": 32}, "roc": {"_type": "table-file", "path": "media/table/roc_6_4456d818c89d9fda1225.table.json", "sha256": "4456d818c89d9fda12250fde252fb1d8c1313c38c2ea79a014351620366501ad", "size": 488, "artifact_path": "wandb-client-artifact://tj3iozkxwmksvjuaeojqt5ipx3ssyphhqenuxcn40kegh898cwnthft98yk0lwl5lb2o8gms25lv7og2zdexbpu2zbyt64msb6lpf0lltbgvn1jdl1nzyuybwno7g0ix:latest/roc.table.json", "_latest_artifact_path": "wandb-client-artifact://tj3iozkxwmksvjuaeojqt5ipx3ssyphhqenuxcn40kegh898cwnthft98yk0lwl5lb2o8gms25lv7og2zdexbpu2zbyt64msb6lpf0lltbgvn1jdl1nzyuybwno7g0ix:latest/roc.table.json", "ncols": 3, "nrows": 19}, "precision_recall": {"_type": "table-file", "path": "media/table/precision_recall_7_a4c399b734e8d6f79cfb.table.json", "sha256": "a4c399b734e8d6f79cfb5190fc9033f7c15e0411d7e4f9c886e008152ba6227b", "size": 1010, "artifact_path": "wandb-client-artifact://qkhc5crdef3qw7ea2q1tgwxyvgjkphdghwpfripjl4q1xxn19on1ygakbv4suunopj7fh451xnmzar8snrez2bkbep0vci98g0w513ajvc9iscakokr4lpz4yu39lnnb:latest/precision_recall.table.json", "_latest_artifact_path": "wandb-client-artifact://qkhc5crdef3qw7ea2q1tgwxyvgjkphdghwpfripjl4q1xxn19on1ygakbv4suunopj7fh451xnmzar8snrez2bkbep0vci98g0w513ajvc9iscakokr4lpz4yu39lnnb:latest/precision_recall.table.json", "ncols": 3, "nrows": 40}, "_wandb": {"runtime": 4}}